PUPIL,SCHOOL,POPULAR,SEX,TEXP,CONST,TEACHPOP
1,1,8,1,24,1,7
2,1,7,0,24,1,7
3,1,7,1,24,1,6
4,1,9,1,24,1,6
5,1,8,1,24,1,7
6,1,7,0,24,1,7
7,1,7,0,24,1,7
8,1,7,0,24,1,7
9,1,7,0,24,1,7
10,1,8,0,24,1,6
11,1,8,1,24,1,6
12,1,7,1,24,1,7
13,1,7,0,24,1,7
14,1,7,1,24,1,6
15,1,9,1,24,1,7
16,1,7,1,24,1,6
17,1,9,0,24,1,7
18,1,7,0,24,1,7
19,1,8,1,24,1,7
20,1,7,0,24,1,7
1,2,5,1,14,1,3
2,2,4,0,14,1,3
3,2,4,0,14,1,4
4,2,5,1,14,1,4
5,2,4,1,14,1,2
6,2,4,0,14,1,4
7,2,4,1,14,1,2
8,2,3,0,14,1,4
9,2,4,1,14,1,4
10,2,5,1,14,1,3
11,2,4,1,14,1,3
12,2,4,0,14,1,2
13,2,4,0,14,1,2
14,2,4,0,14,1,3
15,2,4,0,14,1,2
16,2,4,1,14,1,2
17,2,4,1,14,1,4
18,2,4,1,14,1,4
19,2,4,0,14,1,2
20,2,4,0,14,1,4
1,3,6,0,13,1,6
2,3,8,1,13,1,7
3,3,6,1,13,1,6
4,3,7,1,13,1,6
5,3,6,0,13,1,6
6,3,7,1,13,1,6
7,3,7,0,13,1,5
8,3,8,1,13,1,6
9,3,7,1,13,1,6
10,3,7,1,13,1,5
11,3,8,1,13,1,7
12,3,7,1,13,1,6
13,3,7,1,13,1,6
14,3,7,1,13,1,5
15,3,5,0,13,1,6
16,3,7,0,13,1,5
17,3,7,1,13,1,6
18,3,6,0,13,1,6
1,4,7,1,20,1,6
2,4,6,1,20,1,6
3,4,7,1,20,1,6
4,4,6,1,20,1,6
5,4,6,1,20,1,6
6,4,6,0,20,1,5
7,4,7,0,20,1,6
8,4,7,0,20,1,6
9,4,6,0,20,1,6
10,4,6,1,20,1,6
11,4,5,0,20,1,6
12,4,6,0,20,1,6
13,4,6,0,20,1,6
14,4,6,0,20,1,6
15,4,6,0,20,1,6
16,4,6,1,20,1,6
17,4,7,1,20,1,6
18,4,7,0,20,1,5
19,4,6,0,20,1,6
20,4,7,0,20,1,6
21,4,7,0,20,1,6
22,4,7,1,20,1,6
23,4,6,0,20,1,5
1,5,5,0,5,1,4
2,5,4,1,5,1,4
3,5,3,0,5,1,3
4,5,5,1,5,1,3
5,5,3,0,5,1,3
6,5,4,0,5,1,4
7,5,4,0,5,1,4
8,5,5,1,5,1,5
9,5,5,1,5,1,4
10,5,5,0,5,1,5
11,5,5,1,5,1,5
12,5,5,1,5,1,5
13,5,4,0,5,1,3
14,5,7,1,5,1,4
15,5,5,0,5,1,4
16,5,5,1,5,1,4
17,5,5,1,5,1,3
18,5,4,0,5,1,3
19,5,5,1,5,1,5
20,5,5,0,5,1,4
21,5,4,0,5,1,4
1,6,4,0,8,1,3
2,6,4,1,8,1,3
3,6,4,1,8,1,2
4,6,5,1,8,1,4
5,6,5,1,8,1,4
6,6,4,1,8,1,4
7,6,4,0,8,1,3
8,6,4,0,8,1,2
9,6,6,1,8,1,4
10,6,5,1,8,1,3
11,6,3,0,8,1,3
12,6,4,1,8,1,3
13,6,4,1,8,1,3
14,6,4,0,8,1,2
15,6,5,1,8,1,4
16,6,3,0,8,1,2
17,6,4,0,8,1,3
18,6,4,0,8,1,4
19,6,4,0,8,1,3
20,6,4,0,8,1,3
1,7,7,1,17,1,5
2,7,6,1,17,1,5
3,7,4,0,17,1,4
4,7,4,0,17,1,4
5,7,5,0,17,1,4
6,7,7,1,17,1,5
7,7,5,0,17,1,4
8,7,7,1,17,1,5
9,7,5,0,17,1,4
10,7,6,1,17,1,6
11,7,5,0,17,1,4
12,7,5,0,17,1,4
13,7,6,0,17,1,5
14,7,6,1,17,1,5
15,7,5,0,17,1,4
16,7,5,0,17,1,4
17,7,7,1,17,1,5
18,7,5,0,17,1,4
19,7,8,1,17,1,5
20,7,7,1,17,1,5
21,7,4,0,17,1,5
1,8,7,1,12,1,6
2,8,4,0,12,1,4
3,8,6,1,12,1,5
4,8,7,1,12,1,5
5,8,6,0,12,1,6
6,8,7,1,12,1,5
7,8,5,0,12,1,5
8,8,6,1,12,1,6
9,8,4,0,12,1,4
10,8,6,1,12,1,5
11,8,4,0,12,1,4
12,8,4,0,12,1,5
13,8,4,0,12,1,5
14,8,7,1,12,1,5
15,8,4,0,12,1,5
16,8,5,0,12,1,5
17,8,7,1,12,1,5
18,8,6,1,12,1,5
19,8,7,1,12,1,5
20,8,6,1,12,1,5
1,9,4,0,9,1,2
2,9,5,1,9,1,4
3,9,5,1,9,1,4
4,9,6,1,9,1,4
5,9,5,1,9,1,4
6,9,3,0,9,1,4
7,9,3,0,9,1,3
8,9,4,0,9,1,3
9,9,4,0,9,1,2
10,9,4,0,9,1,4
11,9,2,0,9,1,2
12,9,4,1,9,1,2
13,9,3,0,9,1,4
14,9,3,0,9,1,2
15,9,2,0,9,1,3
16,9,3,0,9,1,4
17,9,5,1,9,1,4
18,9,6,1,9,1,3
19,9,4,1,9,1,3
20,9,4,0,9,1,3
1,10,5,0,21,1,5
2,10,5,1,21,1,5
3,10,4,0,21,1,3
4,10,5,1,21,1,4
5,10,5,0,21,1,3
6,10,4,1,21,1,4
7,10,5,0,21,1,3
8,10,5,0,21,1,5
9,10,5,1,21,1,4
10,10,5,1,21,1,3
11,10,5,0,21,1,5
12,10,5,0,21,1,3
13,10,5,1,21,1,4
14,10,5,0,21,1,4
15,10,6,0,21,1,4
16,10,4,0,21,1,4
17,10,5,0,21,1,4
18,10,4,0,21,1,3
19,10,4,1,21,1,3
20,10,5,1,21,1,4
21,10,5,1,21,1,4
22,10,5,1,21,1,3
23,10,5,1,21,1,4
24,10,5,1,21,1,4
1,11,5,0,11,1,4
2,11,6,1,11,1,4
3,11,5,1,11,1,4
4,11,5,0,11,1,4
5,11,5,0,11,1,4
6,11,6,1,11,1,5
7,11,4,0,11,1,4
8,11,6,1,11,1,6
9,11,6,1,11,1,5
10,11,6,1,11,1,4
11,11,4,0,11,1,4
12,11,6,0,11,1,5
13,11,5,0,11,1,4
14,11,6,1,11,1,5
15,11,6,1,11,1,5
16,11,5,0,11,1,4
17,11,5,0,11,1,4
18,11,5,0,11,1,5
19,11,5,0,11,1,5
20,11,7,1,11,1,4
21,11,6,1,11,1,6
22,11,5,0,11,1,4
1,12,5,0,16,1,5
2,12,5,1,16,1,4
3,12,6,1,16,1,5
4,12,5,1,16,1,4
5,12,5,1,16,1,5
6,12,6,0,16,1,4
7,12,5,0,16,1,5
8,12,5,0,16,1,5
9,12,5,1,16,1,5
10,12,5,1,16,1,4
11,12,5,0,16,1,4
12,12,5,0,16,1,4
13,12,5,1,16,1,4
14,12,6,0,16,1,4
15,12,5,0,16,1,5
16,12,5,0,16,1,4
17,12,5,0,16,1,5
2,13,7,1,19,1,5
3,13,6,1,19,1,5
4,13,5,0,19,1,4
5,13,5,0,19,1,4
6,13,6,1,19,1,6
7,13,5,1,19,1,4
8,13,5,0,19,1,4
9,13,7,1,19,1,6
10,13,5,0,19,1,4
11,13,6,0,19,1,6
12,13,7,1,19,1,4
13,13,7,1,19,1,6
14,13,5,0,19,1,4
15,13,7,1,19,1,5
16,13,5,0,19,1,4
17,13,6,0,19,1,5
18,13,7,1,19,1,4
19,13,6,1,19,1,4
20,13,7,1,19,1,4
21,13,6,1,19,1,4
1,14,3,0,2,1,2
2,14,3,0,2,1,2
3,14,4,1,2,1,3
4,14,3,0,2,1,4
5,14,4,1,2,1,3
6,14,4,0,2,1,3
7,14,3,0,2,1,4
8,14,4,0,2,1,3
9,14,3,0,2,1,4
10,14,3,0,2,1,2
11,14,3,0,2,1,4
12,14,4,1,2,1,4
13,14,3,0,2,1,2
14,14,5,1,2,1,3
15,14,3,0,2,1,2
16,14,5,1,2,1,4
17,14,3,0,2,1,3
1,15,5,0,8,1,5
2,15,4,0,8,1,5
3,15,4,0,8,1,4
4,15,5,0,8,1,4
5,15,6,0,8,1,4
6,15,5,1,8,1,4
7,15,6,1,8,1,4
8,15,5,1,8,1,4
9,15,5,0,8,1,4
10,15,5,0,8,1,5
11,15,5,1,8,1,5
12,15,6,0,8,1,5
13,15,6,0,8,1,4
14,15,6,1,8,1,4
15,15,5,0,8,1,4
16,15,6,1,8,1,4
17,15,5,0,8,1,5
18,15,7,1,8,1,5
19,15,5,0,8,1,4
20,15,6,1,8,1,4
21,15,6,0,8,1,4
22,15,5,0,8,1,4
23,15,4,0,8,1,4
24,15,5,0,8,1,4
1,16,7,1,11,1,6
2,16,7,1,11,1,6
3,16,8,1,11,1,7
4,16,8,1,11,1,6
5,16,6,1,11,1,6
6,16,5,0,11,1,6
7,16,7,1,11,1,5
8,16,5,0,11,1,6
9,16,7,1,11,1,6
10,16,7,1,11,1,6
11,16,6,1,11,1,5
12,16,7,1,11,1,6
13,16,7,1,11,1,6
14,16,5,0,11,1,5
15,16,7,1,11,1,5
16,16,6,1,11,1,6
17,16,8,1,11,1,6
1,17,5,0,16,1,4
2,17,5,1,16,1,4
3,17,4,0,16,1,4
4,17,3,0,16,1,4
5,17,4,1,16,1,4
6,17,4,0,16,1,4
7,17,5,1,16,1,5
8,17,5,1,16,1,4
9,17,5,1,16,1,4
10,17,5,1,16,1,5
11,17,4,1,16,1,4
12,17,5,0,16,1,5
13,17,4,0,16,1,4
14,17,4,1,16,1,4
15,17,5,0,16,1,4
16,17,5,1,16,1,4
17,17,4,1,16,1,4
18,17,4,1,16,1,5
19,17,5,0,16,1,4
20,17,5,1,16,1,4
21,17,5,1,16,1,5
22,17,4,0,16,1,4
23,17,4,0,16,1,5
24,17,5,0,16,1,5
25,17,4,0,16,1,5
26,17,3,0,16,1,4
1,18,6,0,21,1,5
2,18,7,1,21,1,5
3,18,7,0,21,1,6
4,18,6,0,21,1,6
5,18,6,0,21,1,5
6,18,7,1,21,1,5
7,18,5,0,21,1,4
8,18,7,1,21,1,5
9,18,6,0,21,1,5
10,18,6,1,21,1,6
11,18,7,0,21,1,5
12,18,8,1,21,1,6
13,18,6,0,21,1,5
14,18,5,0,21,1,5
15,18,7,1,21,1,6
16,18,5,0,21,1,4
17,18,5,0,21,1,5
18,18,8,1,21,1,5
19,18,7,1,21,1,5
20,18,6,1,21,1,5
21,18,5,0,21,1,5
1,19,5,1,16,1,4
2,19,5,0,16,1,4
3,19,4,0,16,1,4
4,19,6,1,16,1,5
5,19,6,0,16,1,4
6,19,5,0,16,1,4
7,19,4,0,16,1,4
8,19,6,1,16,1,4
9,19,5,0,16,1,4
10,19,6,1,16,1,4
11,19,6,1,16,1,4
12,19,4,0,16,1,5
14,19,6,1,16,1,4
15,19,6,1,16,1,4
16,19,4,0,16,1,5
17,19,7,1,16,1,4
18,19,6,1,16,1,4
19,19,5,0,16,1,4
20,19,6,1,16,1,4
21,19,4,0,16,1,5
1,20,5,1,10,1,4
2,20,5,1,10,1,4
3,20,5,1,10,1,4
4,20,5,1,10,1,4
5,20,5,1,10,1,4
6,20,6,1,10,1,4
7,20,5,1,10,1,5
8,20,3,0,10,1,3
9,20,5,1,10,1,5
10,20,4,0,10,1,4
11,20,4,0,10,1,3
12,20,5,1,10,1,3
13,20,4,0,10,1,3
14,20,6,1,10,1,5
15,20,6,1,10,1,5
17,20,3,0,10,1,3
18,20,5,1,10,1,4
19,20,4,1,10,1,5
20,20,5,1,10,1,4
21,20,3,0,10,1,3
1,21,6,1,17,1,5
2,21,7,1,17,1,5
3,21,7,1,17,1,5
4,21,8,1,17,1,5
5,21,5,0,17,1,5
6,21,5,0,17,1,5
7,21,6,0,17,1,5
8,21,6,1,17,1,5
9,21,6,0,17,1,5
10,21,6,0,17,1,5
11,21,7,1,17,1,5
12,21,5,0,17,1,5
13,21,5,0,17,1,5
14,21,5,0,17,1,5
15,21,7,1,17,1,5
16,21,5,0,17,1,5
17,21,6,0,17,1,5
18,21,8,1,17,1,5
19,21,7,1,17,1,6
20,21,7,1,17,1,6
21,21,7,1,17,1,5
22,21,5,1,17,1,5
23,21,6,1,17,1,5
1,22,5,1,11,1,4
2,22,4,1,11,1,3
3,22,6,1,11,1,5
4,22,5,1,11,1,3
5,22,4,0,11,1,4
6,22,4,0,11,1,3
7,22,4,0,11,1,5
8,22,5,1,11,1,4
9,22,4,1,11,1,4
10,22,4,0,11,1,4
11,22,3,0,11,1,3
12,22,4,0,11,1,4
13,22,5,1,11,1,5
14,22,4,1,11,1,4
15,22,3,0,11,1,3
16,22,4,1,11,1,3
17,22,4,0,11,1,5
18,22,5,1,11,1,5
19,22,5,1,11,1,3
20,22,5,1,11,1,5
1,23,5,0,15,1,5
2,23,6,1,15,1,5
3,23,6,1,15,1,5
4,23,5,0,15,1,5
5,23,6,1,15,1,5
6,23,6,1,15,1,5
7,23,5,1,15,1,5
8,23,4,0,15,1,5
9,23,6,0,15,1,5
10,23,5,0,15,1,5
11,23,5,0,15,1,5
12,23,6,1,15,1,6
13,23,5,0,15,1,5
14,23,7,1,15,1,6
15,23,6,1,15,1,6
16,23,5,0,15,1,5
17,23,5,1,15,1,4
18,23,5,0,15,1,4
19,23,6,1,15,1,5
20,23,4,0,15,1,5
21,23,5,0,15,1,5
22,23,5,0,15,1,5
1,24,3,0,6,1,4
2,24,4,0,6,1,2
3,24,5,1,6,1,3
4,24,5,1,6,1,4
5,24,4,1,6,1,3
6,24,5,1,6,1,4
7,24,4,0,6,1,3
8,24,4,1,6,1,3
9,24,4,0,6,1,3
10,24,4,1,6,1,3
11,24,4,0,6,1,2
12,24,4,0,6,1,4
13,24,3,0,6,1,4
14,24,4,0,6,1,2
15,24,3,0,6,1,4
16,24,6,1,6,1,4
17,24,4,1,6,1,2
18,24,6,1,6,1,4
19,24,3,0,6,1,3
1,25,6,0,19,1,5
2,25,7,1,19,1,5
3,25,7,1,19,1,5
4,25,7,1,19,1,5
5,25,7,1,19,1,5
6,25,6,0,19,1,5
7,25,6,0,19,1,5
8,25,7,1,19,1,6
9,25,7,1,19,1,6
10,25,6,0,19,1,5
11,25,7,1,19,1,6
12,25,6,0,19,1,5
13,25,7,1,19,1,5
14,25,6,1,19,1,5
15,25,7,1,19,1,5
16,25,6,0,19,1,5
17,25,5,0,19,1,5
18,25,7,0,19,1,5
19,25,6,0,19,1,5
20,25,6,0,19,1,5
1,26,4,1,10,1,3
2,26,4,1,10,1,4
3,26,4,0,10,1,4
4,26,4,1,10,1,3
5,26,4,0,10,1,3
6,26,5,1,10,1,4
7,26,5,1,10,1,4
8,26,4,0,10,1,3
9,26,3,0,10,1,4
10,26,4,0,10,1,4
11,26,5,1,10,1,3
12,26,4,0,10,1,3
13,26,5,1,10,1,4
14,26,4,0,10,1,3
15,26,4,0,10,1,4
16,26,4,1,10,1,3
17,26,5,1,10,1,4
18,26,3,1,10,1,4
19,26,4,0,10,1,4
20,26,3,0,10,1,3
21,26,5,1,10,1,4
1,27,5,0,10,1,4
2,27,5,0,10,1,5
3,27,6,0,10,1,4
4,27,5,0,10,1,4
5,27,5,0,10,1,4
6,27,4,0,10,1,5
7,27,6,0,10,1,6
8,27,6,0,10,1,4
9,27,6,1,10,1,5
10,27,6,0,10,1,6
11,27,6,1,10,1,4
12,27,6,1,10,1,4
13,27,5,0,10,1,4
14,27,7,1,10,1,4
15,27,6,1,10,1,6
16,27,6,1,10,1,4
17,27,5,0,10,1,4
18,27,6,0,10,1,6
19,27,4,0,10,1,5
20,27,5,0,10,1,4
1,28,5,0,13,1,5
2,28,5,1,13,1,5
3,28,4,0,13,1,4
4,28,3,0,13,1,4
5,28,5,1,13,1,4
6,28,6,1,13,1,4
7,28,4,0,13,1,5
8,28,5,1,13,1,4
9,28,5,1,13,1,4
10,28,5,1,13,1,4
11,28,4,0,13,1,5
12,28,5,0,13,1,4
13,28,4,1,13,1,4
14,28,4,0,13,1,4
15,28,5,1,13,1,4
16,28,4,0,13,1,4
17,28,5,1,13,1,5
18,28,4,0,13,1,4
19,28,5,1,13,1,4
20,28,5,1,13,1,5
1,29,5,1,22,1,5
2,29,5,0,22,1,4
3,29,5,0,22,1,4
4,29,5,0,22,1,4
5,29,6,1,22,1,5
6,29,6,1,22,1,4
7,29,5,0,22,1,4
8,29,6,1,22,1,4
9,29,5,1,22,1,4
10,29,5,1,22,1,5
12,29,5,0,22,1,4
13,29,4,0,22,1,4
14,29,5,1,22,1,5
15,29,7,1,22,1,5
16,29,5,1,22,1,4
17,29,6,1,22,1,4
18,29,4,0,22,1,4
1,30,5,0,6,1,4
2,30,5,0,6,1,4
3,30,5,1,6,1,4
4,30,5,0,6,1,4
5,30,6,1,6,1,5
6,30,4,0,6,1,4
7,30,4,0,6,1,5
8,30,5,1,6,1,4
9,30,4,0,6,1,4
10,30,7,1,6,1,4
11,30,5,0,6,1,5
12,30,5,1,6,1,4
13,30,6,1,6,1,4
14,30,5,0,6,1,5
15,30,6,1,6,1,4
16,30,6,1,6,1,4
17,30,6,1,6,1,4
1,31,4,0,6,1,4
2,31,5,1,6,1,5
4,31,5,1,6,1,4
5,31,5,1,6,1,4
6,31,4,0,6,1,4
7,31,6,1,6,1,4
8,31,5,1,6,1,5
9,31,5,1,6,1,4
10,31,4,0,6,1,4
11,31,5,0,6,1,4
12,31,4,0,6,1,5
13,31,4,0,6,1,4
14,31,4,0,6,1,4
15,31,5,0,6,1,5
16,31,5,0,6,1,4
17,31,5,1,6,1,5
18,31,4,0,6,1,5
19,31,4,0,6,1,4
20,31,5,1,6,1,4
1,32,6,1,12,1,5
2,32,4,0,12,1,4
3,32,6,1,12,1,5
4,32,6,1,12,1,4
5,32,4,0,12,1,4
6,32,4,0,12,1,4
7,32,4,0,12,1,4
8,32,7,1,12,1,6
9,32,4,0,12,1,4
10,32,7,1,12,1,6
11,32,7,1,12,1,5
12,32,4,0,12,1,4
13,32,7,1,12,1,6
14,32,4,0,12,1,5
15,32,6,1,12,1,4
16,32,5,0,12,1,4
17,32,4,0,12,1,4
18,32,4,0,12,1,4
19,32,4,0,12,1,4
20,32,5,1,12,1,5
21,32,4,0,12,1,5
22,32,6,1,12,1,4
23,32,7,1,12,1,6
1,33,4,0,3,1,4
2,33,6,1,3,1,4
3,33,6,0,3,1,4
4,33,5,1,3,1,5
5,33,4,0,3,1,4
6,33,4,0,3,1,4
7,33,6,1,3,1,4
8,33,5,1,3,1,5
9,33,4,0,3,1,4
10,33,7,1,3,1,5
11,33,5,1,3,1,4
12,33,4,1,3,1,4
13,33,5,1,3,1,5
14,33,4,0,3,1,4
15,33,5,1,3,1,4
16,33,4,0,3,1,5
17,33,6,1,3,1,4
18,33,6,1,3,1,5
19,33,6,1,3,1,4
1,34,5,0,8,1,5
2,34,5,0,8,1,5
3,34,6,1,8,1,6
4,34,5,0,8,1,5
5,34,5,0,8,1,5
6,34,4,0,8,1,5
7,34,5,0,8,1,5
8,34,5,0,8,1,5
9,34,6,1,8,1,6
10,34,5,0,8,1,4
11,34,5,0,8,1,5
12,34,6,1,8,1,5
13,34,4,0,8,1,5
14,34,6,0,8,1,5
15,34,6,1,8,1,6
16,34,5,0,8,1,5
17,34,5,0,8,1,4
18,34,6,1,8,1,5
19,34,5,0,8,1,5
20,34,6,0,8,1,5
21,34,6,1,8,1,5
22,34,6,1,8,1,5
1,35,7,0,25,1,5
2,35,6,1,25,1,5
3,35,7,1,25,1,5
4,35,6,1,25,1,6
5,35,7,1,25,1,5
6,35,6,1,25,1,5
7,35,7,0,25,1,5
8,35,7,1,25,1,5
9,35,7,0,25,1,5
10,35,8,1,25,1,7
11,35,6,0,25,1,5
12,35,7,0,25,1,5
13,35,7,1,25,1,5
14,35,7,0,25,1,5
15,35,7,1,25,1,5
16,35,6,1,25,1,6
17,35,7,1,25,1,6
18,35,6,0,25,1,5
19,35,8,0,25,1,6
20,35,6,1,25,1,5
1,36,6,1,15,1,4
2,36,4,0,15,1,4
3,36,4,0,15,1,4
4,36,4,0,15,1,4
5,36,5,0,15,1,4
6,36,6,1,15,1,5
7,36,6,1,15,1,5
8,36,6,1,15,1,4
9,36,5,0,15,1,5
10,36,7,1,15,1,5
11,36,5,0,15,1,5
12,36,4,0,15,1,4
13,36,6,1,15,1,4
14,36,5,1,15,1,4
15,36,5,0,15,1,4
16,36,6,1,15,1,4
17,36,5,0,15,1,5
18,36,5,0,15,1,5
19,36,5,0,15,1,4
1,37,7,0,20,1,5
2,37,6,1,20,1,6
3,37,6,1,20,1,5
4,37,8,1,20,1,5
5,37,6,0,20,1,5
6,37,6,0,20,1,5
7,37,7,0,20,1,5
8,37,6,1,20,1,6
9,37,6,0,20,1,5
10,37,5,0,20,1,5
11,37,6,1,20,1,5
12,37,6,0,20,1,5
13,37,6,0,20,1,5
14,37,5,0,20,1,5
15,37,6,0,20,1,5
16,37,5,0,20,1,5
17,37,6,0,20,1,5
18,37,6,1,20,1,5
19,37,7,1,20,1,5
1,38,6,0,18,1,5
2,38,5,0,18,1,4
3,38,6,0,18,1,5
4,38,5,1,18,1,4
5,38,5,1,18,1,5
6,38,4,1,18,1,5
7,38,5,1,18,1,4
8,38,6,0,18,1,6
9,38,5,1,18,1,4
10,38,6,0,18,1,4
11,38,6,0,18,1,4
12,38,5,0,18,1,4
13,38,5,0,18,1,4
14,38,5,0,18,1,4
15,38,6,1,18,1,6
16,38,5,1,18,1,5
17,38,6,0,18,1,4
1,39,6,1,19,1,5
2,39,5,1,19,1,5
3,39,4,0,19,1,5
4,39,5,0,19,1,4
5,39,6,1,19,1,5
6,39,6,1,19,1,6
7,39,6,1,19,1,5
8,39,7,1,19,1,6
9,39,6,1,19,1,6
10,39,5,1,19,1,5
11,39,5,0,19,1,4
12,39,5,0,19,1,5
13,39,5,0,19,1,5
14,39,6,1,19,1,6
15,39,4,0,19,1,5
16,39,6,1,19,1,6
1,40,6,1,2,1,5
2,40,5,0,2,1,4
3,40,6,1,2,1,5
4,40,6,1,2,1,6
5,40,5,1,2,1,4
6,40,6,0,2,1,5
7,40,6,0,2,1,5
8,40,6,0,2,1,5
9,40,5,1,2,1,4
10,40,5,0,2,1,4
11,40,5,0,2,1,4
12,40,6,0,2,1,6
13,40,5,1,2,1,4
14,40,4,1,2,1,4
15,40,7,1,2,1,4
16,40,5,0,2,1,4
17,40,5,0,2,1,5
18,40,4,0,2,1,4
19,40,7,1,2,1,5
20,40,4,0,2,1,4
1,41,6,1,18,1,5
2,41,5,0,18,1,5
3,41,5,0,18,1,5
4,41,6,1,18,1,4
5,41,5,0,18,1,4
6,41,5,0,18,1,5
7,41,5,0,18,1,4
8,41,6,1,18,1,4
9,41,5,1,18,1,4
10,41,5,1,18,1,4
11,41,6,1,18,1,6
12,41,5,0,18,1,4
13,41,4,0,18,1,4
14,41,6,0,18,1,4
15,41,6,1,18,1,6
16,41,5,1,18,1,4
17,41,6,1,18,1,4
18,41,6,1,18,1,5
19,41,5,0,18,1,5
1,42,6,1,12,1,5
2,42,4,0,12,1,4
3,42,5,0,12,1,4
4,42,7,1,12,1,5
5,42,5,0,12,1,4
6,42,6,1,12,1,4
7,42,6,0,12,1,5
8,42,6,1,12,1,5
9,42,6,1,12,1,5
10,42,5,1,12,1,4
11,42,4,0,12,1,4
12,42,5,1,12,1,4
13,42,6,1,12,1,6
14,42,7,1,12,1,4
15,42,5,0,12,1,4
16,42,4,0,12,1,4
17,42,7,1,12,1,5
18,42,4,0,12,1,4
19,42,6,1,12,1,6
20,42,6,1,12,1,5
21,42,7,1,12,1,6
1,43,4,0,12,1,4
2,43,5,1,12,1,5
3,43,4,0,12,1,4
4,43,4,1,12,1,4
5,43,5,1,12,1,5
6,43,4,1,12,1,4
7,43,4,0,12,1,4
8,43,4,0,12,1,4
9,43,4,1,12,1,4
10,43,4,0,12,1,4
11,43,4,0,12,1,4
12,43,4,0,12,1,5
13,43,4,0,12,1,5
14,43,5,0,12,1,4
15,43,5,0,12,1,5
16,43,5,0,12,1,4
17,43,5,0,12,1,5
1,44,5,0,14,1,5
2,44,8,1,14,1,5
3,44,7,1,14,1,5
4,44,5,1,14,1,5
5,44,6,0,14,1,6
6,44,5,0,14,1,5
7,44,5,1,14,1,5
8,44,5,0,14,1,5
9,44,5,0,14,1,5
10,44,6,0,14,1,5
11,44,5,0,14,1,5
12,44,6,1,14,1,5
13,44,5,1,14,1,5
14,44,6,1,14,1,5
15,44,7,1,14,1,5
16,44,6,0,14,1,6
17,44,6,0,14,1,6
18,44,6,1,14,1,6
19,44,4,0,14,1,5
1,45,6,0,20,1,5
2,45,7,1,20,1,6
3,45,6,1,20,1,5
4,45,6,1,20,1,5
5,45,6,0,20,1,6
6,45,7,0,20,1,6
7,45,6,0,20,1,5
8,45,6,1,20,1,6
9,45,7,0,20,1,5
10,45,7,1,20,1,6
11,45,7,0,20,1,5
12,45,7,0,20,1,5
13,45,6,0,20,1,6
14,45,7,0,20,1,5
15,45,6,0,20,1,5
16,45,6,0,20,1,5
17,45,6,1,20,1,5
18,45,7,0,20,1,5
19,45,7,0,20,1,5
1,46,6,1,18,1,5
2,46,6,1,18,1,6
3,46,7,1,18,1,5
4,46,6,0,18,1,5
5,46,5,0,18,1,5
6,46,5,0,18,1,5
7,46,7,1,18,1,6
8,46,8,1,18,1,6
9,46,6,0,18,1,5
10,46,6,1,18,1,6
11,46,6,1,18,1,5
12,46,6,1,18,1,5
13,46,7,1,18,1,5
14,46,7,1,18,1,5
15,46,6,0,18,1,6
16,46,6,0,18,1,5
17,46,7,1,18,1,5
18,46,5,0,18,1,5
19,46,7,1,18,1,5
20,46,6,1,18,1,5
21,46,7,1,18,1,6
22,46,7,1,18,1,6
23,46,6,0,18,1,5
1,47,4,1,13,1,3
2,47,4,0,13,1,3
3,47,3,1,13,1,2
4,47,3,0,13,1,3
5,47,4,0,13,1,3
6,47,4,1,13,1,3
7,47,4,0,13,1,3
8,47,4,1,13,1,2
9,47,4,1,13,1,3
10,47,4,1,13,1,2
11,47,4,0,13,1,3
12,47,4,1,13,1,3
13,47,3,0,13,1,2
14,47,3,0,13,1,2
15,47,4,1,13,1,2
16,47,5,1,13,1,3
17,47,3,0,13,1,2
1,48,5,1,6,1,5
2,48,4,0,6,1,3
3,48,5,0,6,1,4
4,48,4,0,6,1,5
5,48,5,0,6,1,4
6,48,5,0,6,1,4
7,48,5,1,6,1,4
8,48,6,1,6,1,3
9,48,4,0,6,1,3
10,48,6,1,6,1,4
11,48,4,0,6,1,4
12,48,5,0,6,1,4
13,48,6,1,6,1,3
14,48,5,1,6,1,3
15,48,5,0,6,1,5
16,48,5,1,6,1,4
17,48,6,1,6,1,4
18,48,5,0,6,1,3
19,48,3,0,6,1,3
1,49,6,1,7,1,4
2,49,5,1,7,1,3
3,49,4,0,7,1,4
4,49,5,1,7,1,4
5,49,5,1,7,1,3
6,49,4,0,7,1,3
7,49,5,1,7,1,3
8,49,4,0,7,1,3
9,49,4,0,7,1,3
10,49,5,1,7,1,4
11,49,5,1,7,1,4
12,49,6,1,7,1,3
13,49,6,1,7,1,3
14,49,3,0,7,1,4
15,49,5,1,7,1,4
16,49,4,0,7,1,4
17,49,3,0,7,1,3
18,49,6,1,7,1,3
19,49,4,0,7,1,4
20,49,4,0,7,1,3
1,50,7,0,25,1,6
2,50,8,1,25,1,7
3,50,7,1,25,1,6
4,50,7,0,25,1,6
5,50,6,0,25,1,6
6,50,7,1,25,1,6
7,50,7,0,25,1,6
8,50,6,0,25,1,5
9,50,6,0,25,1,6
10,50,6,0,25,1,5
11,50,7,1,25,1,6
12,50,7,0,25,1,6
13,50,8,1,25,1,6
14,50,8,0,25,1,6
15,50,8,0,25,1,7
16,50,8,1,25,1,6
17,50,6,0,25,1,6
18,50,6,1,25,1,6
19,50,9,1,25,1,6
20,50,8,1,25,1,6
1,51,6,0,16,1,5
2,51,7,1,16,1,5
3,51,5,0,16,1,5
4,51,6,1,16,1,5
5,51,6,1,16,1,5
6,51,6,1,16,1,5
7,51,5,1,16,1,5
8,51,6,0,16,1,5
9,51,6,1,16,1,6
10,51,6,1,16,1,5
11,51,6,0,16,1,5
12,51,6,0,16,1,5
13,51,5,0,16,1,5
14,51,8,1,16,1,5
15,51,6,1,16,1,5
16,51,5,0,16,1,4
17,51,5,1,16,1,5
18,51,6,1,16,1,5
19,51,5,0,16,1,5
20,51,5,0,16,1,4
21,51,6,1,16,1,6
22,51,7,1,16,1,5
23,51,5,0,16,1,5
1,52,6,1,7,1,4
2,52,5,0,7,1,4
3,52,6,1,7,1,4
4,52,6,1,7,1,4
5,52,6,1,7,1,5
6,52,4,0,7,1,4
7,52,5,0,7,1,5
8,52,5,0,7,1,4
9,52,6,1,7,1,4
10,52,6,1,7,1,4
11,52,6,1,7,1,5
12,52,4,0,7,1,4
13,52,4,0,7,1,4
14,52,4,0,7,1,4
15,52,5,0,7,1,4
16,52,4,0,7,1,4
17,52,6,1,7,1,5
18,52,4,0,7,1,4
19,52,6,1,7,1,4
20,52,5,0,7,1,5
21,52,6,1,7,1,4
22,52,7,1,7,1,4
23,52,5,0,7,1,4
1,53,5,1,21,1,4
2,53,5,1,21,1,4
3,53,5,0,21,1,4
4,53,5,1,21,1,4
5,53,5,0,21,1,4
6,53,6,0,21,1,4
7,53,5,0,21,1,4
8,53,5,1,21,1,4
9,53,5,1,21,1,5
10,53,6,0,21,1,4
11,53,4,0,21,1,5
12,53,5,0,21,1,5
13,53,6,0,21,1,4
14,53,5,1,21,1,4
15,53,5,0,21,1,4
16,53,5,1,21,1,4
17,53,4,0,21,1,4
18,53,5,0,21,1,5
19,53,5,1,21,1,5
1,54,7,1,16,1,5
2,54,5,0,16,1,4
3,54,5,0,16,1,4
4,54,5,0,16,1,5
5,54,5,0,16,1,4
6,54,5,0,16,1,4
7,54,6,1,16,1,5
8,54,5,0,16,1,4
9,54,5,0,16,1,4
10,54,4,0,16,1,4
11,54,6,1,16,1,4
12,54,5,0,16,1,4
13,54,5,0,16,1,4
14,54,6,1,16,1,4
15,54,6,1,16,1,4
16,54,6,1,16,1,6
17,54,4,0,16,1,5
18,54,6,1,16,1,6
19,54,6,1,16,1,6
1,55,4,1,7,1,4
2,55,4,1,7,1,4
3,55,5,1,7,1,4
4,55,4,0,7,1,4
5,55,3,1,7,1,3
6,55,3,1,7,1,3
7,55,4,0,7,1,3
8,55,4,1,7,1,4
9,55,4,1,7,1,4
10,55,4,0,7,1,3
11,55,4,0,7,1,4
12,55,3,0,7,1,4
13,55,4,1,7,1,4
14,55,5,1,7,1,4
15,55,4,1,7,1,3
16,55,5,0,7,1,3
17,55,4,1,7,1,3
18,55,5,0,7,1,4
19,55,4,1,7,1,3
20,55,4,0,7,1,3
21,55,4,0,7,1,3
1,56,4,0,12,1,4
2,56,3,0,12,1,3
3,56,6,1,12,1,5
4,56,4,0,12,1,3
5,56,4,0,12,1,4
6,56,5,1,12,1,3
7,56,5,1,12,1,3
8,56,5,0,12,1,3
9,56,4,0,12,1,4
10,56,6,1,12,1,4
11,56,5,1,12,1,4
12,56,6,1,12,1,4
13,56,5,1,12,1,4
14,56,4,0,12,1,4
15,56,4,0,12,1,4
16,56,5,1,12,1,5
17,56,4,0,12,1,3
18,56,4,0,12,1,5
19,56,5,1,12,1,4
1,57,5,1,4,1,5
2,57,5,1,4,1,5
3,57,3,0,4,1,3
4,57,4,0,4,1,3
5,57,5,1,4,1,4
6,57,5,1,4,1,5
7,57,4,0,4,1,3
8,57,4,1,4,1,4
9,57,4,1,4,1,3
10,57,3,0,4,1,3
11,57,5,1,4,1,4
12,57,5,1,4,1,4
13,57,4,0,4,1,4
14,57,5,1,4,1,3
15,57,3,0,4,1,3
16,57,5,1,4,1,4
17,57,3,0,4,1,3
18,57,4,1,4,1,4
1,58,7,0,22,1,5
2,58,5,1,22,1,4
3,58,7,1,22,1,5
4,58,6,1,22,1,5
5,58,5,0,22,1,5
6,58,6,0,22,1,5
7,58,6,1,22,1,5
8,58,4,0,22,1,5
9,58,6,1,22,1,6
10,58,4,0,22,1,5
11,58,7,1,22,1,5
12,58,7,0,22,1,5
13,58,6,1,22,1,5
14,58,5,0,22,1,4
15,58,5,1,22,1,5
16,58,7,1,22,1,6
17,58,5,1,22,1,5
18,58,7,1,22,1,5
19,58,6,0,22,1,5
20,58,6,0,22,1,5
1,59,3,0,5,1,2
2,59,4,1,5,1,3
3,59,6,1,5,1,3
4,59,3,0,5,1,2
5,59,4,0,5,1,4
6,59,2,0,5,1,2
7,59,4,0,5,1,3
8,59,5,1,5,1,4
9,59,4,1,5,1,3
10,59,4,0,5,1,4
11,59,4,0,5,1,4
12,59,3,0,5,1,2
13,59,5,1,5,1,4
14,59,4,1,5,1,3
15,59,4,1,5,1,4
16,59,3,0,5,1,3
17,59,5,0,5,1,4
1,60,3,0,3,1,4
2,60,4,1,3,1,4
3,60,4,0,3,1,3
4,60,5,1,3,1,4
5,60,4,1,3,1,3
6,60,3,0,3,1,3
7,60,4,1,3,1,2
8,60,4,1,3,1,4
9,60,3,0,3,1,2
10,60,4,0,3,1,4
11,60,4,1,3,1,4
12,60,2,0,3,1,3
13,60,4,1,3,1,4
14,60,4,1,3,1,3
16,60,3,1,3,1,3
17,60,4,1,3,1,4
18,60,4,0,3,1,3
19,60,3,0,3,1,3
20,60,4,0,3,1,3
21,60,3,1,3,1,3
22,60,3,0,3,1,3
1,61,5,1,23,1,4
2,61,5,0,23,1,4
3,61,5,1,23,1,3
4,61,5,1,23,1,5
5,61,5,1,23,1,3
6,61,5,0,23,1,4
7,61,5,1,23,1,4
8,61,5,1,23,1,3
9,61,5,0,23,1,3
10,61,5,1,23,1,3
11,61,5,1,23,1,5
12,61,5,0,23,1,3
13,61,5,1,23,1,4
14,61,4,1,23,1,5
15,61,4,0,23,1,5
16,61,5,0,23,1,4
17,61,6,1,23,1,4
18,61,6,0,23,1,4
19,61,5,0,23,1,4
1,62,7,1,25,1,5
2,62,6,0,25,1,5
3,62,6,0,25,1,5
4,62,6,0,25,1,5
5,62,6,0,25,1,6
6,62,7,1,25,1,6
7,62,7,1,25,1,5
8,62,7,1,25,1,6
9,62,6,1,25,1,5
10,62,7,1,25,1,5
11,62,6,1,25,1,5
12,62,6,1,25,1,6
13,62,7,0,25,1,5
14,62,7,0,25,1,5
15,62,7,0,25,1,6
16,62,7,1,25,1,5
17,62,7,0,25,1,5
18,62,6,0,25,1,5
19,62,7,1,25,1,5
20,62,6,0,25,1,5
1,63,5,1,15,1,3
2,63,5,0,15,1,4
3,63,4,1,15,1,4
4,63,5,0,15,1,4
5,63,4,0,15,1,3
6,63,4,0,15,1,2
7,63,4,0,15,1,3
8,63,4,1,15,1,3
9,63,4,0,15,1,3
10,63,4,1,15,1,3
11,63,4,0,15,1,3
12,63,4,1,15,1,3
13,63,4,0,15,1,2
14,63,5,0,15,1,4
15,63,4,1,15,1,4
16,63,3,1,15,1,2
17,63,3,0,15,1,3
18,63,4,1,15,1,3
19,63,4,0,15,1,2
20,63,5,1,15,1,3
21,63,4,1,15,1,3
22,63,4,1,15,1,4
23,63,4,1,15,1,2
24,63,4,0,15,1,4
25,63,5,0,15,1,4
1,64,6,1,25,1,6
2,64,7,1,25,1,6
3,64,7,0,25,1,6
4,64,7,1,25,1,6
5,64,7,0,25,1,5
6,64,7,1,25,1,6
7,64,6,1,25,1,6
8,64,8,0,25,1,7
9,64,6,0,25,1,5
11,64,8,0,25,1,7
12,64,8,1,25,1,6
13,64,7,1,25,1,6
14,64,7,1,25,1,6
15,64,8,1,25,1,7
16,64,6,0,25,1,6
17,64,7,0,25,1,6
18,64,7,0,25,1,6
19,64,7,1,25,1,6
20,64,7,0,25,1,6
1,65,5,0,22,1,5
2,65,6,0,22,1,5
3,65,6,0,22,1,5
4,65,7,1,22,1,5
5,65,7,1,22,1,5
6,65,7,1,22,1,6
7,65,6,0,22,1,5
8,65,6,0,22,1,5
9,65,5,0,22,1,5
10,65,7,1,22,1,5
11,65,7,1,22,1,5
12,65,6,0,22,1,5
13,65,5,0,22,1,5
14,65,7,1,22,1,5
15,65,7,0,22,1,6
16,65,7,1,22,1,6
17,65,6,0,22,1,5
18,65,5,0,22,1,5
19,65,5,0,22,1,5
20,65,7,1,22,1,5
21,65,8,1,22,1,6
22,65,7,1,22,1,5
1,66,5,1,8,1,4
2,66,4,1,8,1,4
3,66,3,0,8,1,4
4,66,4,0,8,1,5
5,66,5,1,8,1,4
6,66,6,1,8,1,4
7,66,4,1,8,1,5
8,66,5,1,8,1,4
9,66,4,1,8,1,4
10,66,4,1,8,1,4
11,66,4,0,8,1,4
12,66,5,1,8,1,4
13,66,4,1,8,1,5
14,66,4,1,8,1,5
15,66,5,1,8,1,4
16,66,4,0,8,1,4
17,66,4,0,8,1,4
18,66,5,0,8,1,4
19,66,6,1,8,1,4
20,66,4,0,8,1,4
1,67,6,0,23,1,4
2,67,6,1,23,1,4
3,67,5,0,23,1,4
4,67,5,1,23,1,4
5,67,7,1,23,1,5
6,67,5,0,23,1,4
7,67,6,1,23,1,5
8,67,6,0,23,1,5
9,67,6,1,23,1,6
10,67,6,1,23,1,5
11,67,5,0,23,1,5
12,67,6,1,23,1,4
13,67,6,1,23,1,4
14,67,5,0,23,1,4
15,67,5,1,23,1,5
16,67,5,0,23,1,5
17,67,5,1,23,1,4
18,67,6,1,23,1,4
19,67,5,0,23,1,4
20,67,6,1,23,1,4
21,67,6,1,23,1,5
1,68,6,0,20,1,4
2,68,5,0,20,1,4
3,68,5,0,20,1,4
4,68,5,0,20,1,5
5,68,5,0,20,1,4
6,68,4,1,20,1,4
7,68,5,0,20,1,3
8,68,5,0,20,1,4
9,68,4,1,20,1,4
10,68,4,1,20,1,3
11,68,5,0,20,1,3
12,68,5,0,20,1,4
13,68,6,1,20,1,4
14,68,5,1,20,1,4
15,68,5,0,20,1,4
16,68,5,0,20,1,3
17,68,5,0,20,1,4
1,69,5,0,24,1,4
2,69,4,1,24,1,3
4,69,5,0,24,1,4
5,69,4,1,24,1,4
6,69,5,0,24,1,3
7,69,5,0,24,1,4
8,69,5,0,24,1,5
9,69,5,1,24,1,3
10,69,4,0,24,1,3
11,69,4,1,24,1,3
12,69,4,0,24,1,4
13,69,5,0,24,1,4
14,69,5,0,24,1,4
15,69,4,1,24,1,3
16,69,5,0,24,1,4
17,69,4,1,24,1,3
18,69,5,1,24,1,4
19,69,4,1,24,1,4
1,70,6,1,22,1,5
2,70,6,1,22,1,5
3,70,6,1,22,1,5
4,70,7,1,22,1,5
5,70,6,1,22,1,5
6,70,6,1,22,1,5
7,70,5,0,22,1,4
8,70,6,0,22,1,5
9,70,6,0,22,1,5
10,70,6,1,22,1,5
11,70,5,0,22,1,5
12,70,7,0,22,1,6
13,70,6,0,22,1,5
14,70,5,0,22,1,5
15,70,6,1,22,1,5
16,70,6,0,22,1,5
17,70,6,1,22,1,5
18,70,5,1,22,1,4
19,70,6,0,22,1,5
20,70,6,0,22,1,5
21,70,6,0,22,1,5
1,71,7,0,18,1,6
2,71,6,0,18,1,5
3,71,6,0,18,1,5
4,71,7,1,18,1,5
5,71,7,0,18,1,5
6,71,6,0,18,1,5
7,71,7,1,18,1,5
8,71,7,1,18,1,5
9,71,7,0,18,1,5
10,71,7,1,18,1,5
11,71,6,0,18,1,5
12,71,8,1,18,1,6
13,71,6,1,18,1,5
14,71,5,0,18,1,6
15,71,7,1,18,1,5
16,71,7,1,18,1,5
17,71,7,0,18,1,5
18,71,5,0,18,1,5
19,71,7,1,18,1,5
20,71,6,1,18,1,6
21,71,7,1,18,1,6
22,71,6,1,18,1,5
1,72,4,0,19,1,3
2,72,4,0,19,1,3
3,72,3,0,19,1,3
4,72,4,0,19,1,3
5,72,4,0,19,1,3
6,72,4,0,19,1,3
7,72,4,1,19,1,3
8,72,4,1,19,1,3
9,72,4,0,19,1,4
10,72,4,0,19,1,4
11,72,4,0,19,1,3
12,72,4,0,19,1,3
13,72,5,1,19,1,3
14,72,5,0,19,1,4
15,72,4,0,19,1,3
16,72,3,0,19,1,4
17,72,4,0,19,1,3
18,72,5,0,19,1,4
19,72,5,1,19,1,4
20,72,6,0,19,1,4
21,72,5,0,19,1,4
1,73,7,1,14,1,4
2,73,6,1,14,1,4
3,73,7,1,14,1,5
4,73,7,1,14,1,5
5,73,4,0,14,1,4
6,73,6,0,14,1,4
7,73,4,0,14,1,4
8,73,5,1,14,1,5
9,73,5,1,14,1,4
10,73,5,0,14,1,5
11,73,6,1,14,1,5
12,73,5,1,14,1,5
13,73,5,0,14,1,4
14,73,5,0,14,1,4
15,73,5,0,14,1,4
16,73,4,0,14,1,4
17,73,5,0,14,1,5
18,73,6,1,14,1,4
19,73,5,1,14,1,4
20,73,4,0,14,1,4
1,74,7,1,17,1,5
2,74,7,0,17,1,5
3,74,6,1,17,1,6
4,74,5,0,17,1,5
5,74,5,0,17,1,4
6,74,7,1,17,1,6
7,74,5,0,17,1,4
8,74,6,0,17,1,5
9,74,5,0,17,1,4
10,74,5,0,17,1,4
11,74,4,0,17,1,4
12,74,5,1,17,1,4
13,74,5,1,17,1,5
14,74,5,0,17,1,4
15,74,7,1,17,1,5
16,74,5,1,17,1,4
17,74,6,0,17,1,5
1,75,5,0,21,1,5
2,75,6,1,21,1,4
3,75,6,0,21,1,5
4,75,7,1,21,1,4
5,75,7,0,21,1,4
6,75,5,0,21,1,5
7,75,6,1,21,1,5
8,75,5,0,21,1,4
9,75,6,0,21,1,5
10,75,5,0,21,1,4
11,75,5,0,21,1,4
12,75,6,0,21,1,5
13,75,5,0,21,1,4
14,75,5,0,21,1,4
15,75,6,1,21,1,5
16,75,7,1,21,1,5
17,75,6,1,21,1,6
1,76,5,0,16,1,5
2,76,6,1,16,1,5
3,76,4,0,16,1,5
4,76,8,1,16,1,6
5,76,6,1,16,1,5
6,76,5,0,16,1,5
7,76,5,0,16,1,5
8,76,7,1,16,1,5
9,76,7,1,16,1,5
10,76,6,0,16,1,5
11,76,5,0,16,1,5
12,76,5,1,16,1,5
13,76,6,0,16,1,5
14,76,5,0,16,1,4
15,76,4,0,16,1,4
16,76,6,1,16,1,6
17,76,6,1,16,1,6
18,76,5,0,16,1,4
1,77,4,0,3,1,4
2,77,5,1,3,1,4
3,77,4,1,3,1,4
4,77,4,1,3,1,3
5,77,4,1,3,1,4
6,77,2,0,3,1,4
7,77,5,1,3,1,4
8,77,3,0,3,1,3
9,77,5,1,3,1,4
10,77,3,0,3,1,3
11,77,3,0,3,1,3
12,77,3,0,3,1,3
13,77,4,0,3,1,4
14,77,3,0,3,1,3
15,77,4,0,3,1,3
16,77,4,0,3,1,3
17,77,4,1,3,1,4
18,77,5,1,3,1,4
19,77,4,0,3,1,4
1,78,7,0,23,1,6
2,78,8,1,23,1,6
3,78,8,1,23,1,7
4,78,6,0,23,1,6
5,78,7,0,23,1,6
6,78,7,1,23,1,5
7,78,6,0,23,1,6
8,78,7,1,23,1,6
9,78,7,0,23,1,6
10,78,6,0,23,1,6
11,78,6,0,23,1,6
12,78,8,0,23,1,6
13,78,8,1,23,1,6
14,78,7,1,23,1,6
15,78,6,0,23,1,6
16,78,5,0,23,1,5
17,78,8,1,23,1,6
18,78,7,1,23,1,6
1,79,6,1,15,1,4
2,79,5,0,15,1,4
3,79,6,0,15,1,5
4,79,5,0,15,1,4
5,79,7,1,15,1,5
6,79,5,0,15,1,4
7,79,4,0,15,1,5
8,79,4,0,15,1,5
9,79,5,0,15,1,4
10,79,5,1,15,1,5
11,79,6,1,15,1,4
12,79,4,1,15,1,4
13,79,7,1,15,1,4
14,79,5,0,15,1,4
15,79,6,1,15,1,4
16,79,5,0,15,1,4
17,79,5,0,15,1,4
18,79,4,0,15,1,4
19,79,4,0,15,1,5
20,79,5,0,15,1,4
1,80,6,0,23,1,5
2,80,7,1,23,1,6
3,80,5,0,23,1,5
4,80,7,1,23,1,6
5,80,5,0,23,1,5
6,80,7,0,23,1,6
7,80,8,0,23,1,5
8,80,5,1,23,1,5
9,80,5,1,23,1,5
10,80,6,0,23,1,5
11,80,5,0,23,1,5
12,80,6,0,23,1,5
13,80,6,1,23,1,6
14,80,6,1,23,1,5
15,80,5,0,23,1,5
16,80,7,0,23,1,5
17,80,5,0,23,1,4
18,80,4,1,23,1,5
19,80,6,1,23,1,5
20,80,5,1,23,1,5
1,81,3,0,8,1,3
2,81,4,0,8,1,3
3,81,3,0,8,1,4
4,81,4,1,8,1,2
5,81,4,1,8,1,4
6,81,4,1,8,1,3
7,81,3,0,8,1,4
8,81,4,1,8,1,2
9,81,5,1,8,1,3
10,81,3,0,8,1,4
11,81,4,0,8,1,3
12,81,4,1,8,1,3
13,81,4,0,8,1,4
14,81,4,1,8,1,3
15,81,4,0,8,1,3
16,81,3,0,8,1,4
17,81,3,0,8,1,4
18,81,4,1,8,1,3
19,81,4,1,8,1,3
20,81,3,0,8,1,3
21,81,4,0,8,1,2
1,82,5,1,8,1,4
2,82,4,1,8,1,4
3,82,4,0,8,1,4
4,82,4,0,8,1,4
5,82,5,1,8,1,4
6,82,4,0,8,1,4
7,82,5,1,8,1,5
8,82,4,1,8,1,5
9,82,4,0,8,1,4
10,82,4,1,8,1,4
11,82,4,0,8,1,4
12,82,4,0,8,1,4
13,82,5,0,8,1,4
14,82,4,0,8,1,4
15,82,4,1,8,1,4
16,82,5,1,8,1,4
17,82,6,1,8,1,5
18,82,5,1,8,1,4
19,82,5,0,8,1,5
20,82,5,1,8,1,5
21,82,5,1,8,1,4
1,83,7,0,24,1,6
2,83,7,0,24,1,6
3,83,7,1,24,1,6
4,83,7,1,24,1,5
5,83,7,1,24,1,6
6,83,6,0,24,1,6
7,83,6,1,24,1,6
8,83,7,1,24,1,6
9,83,7,1,24,1,6
10,83,7,0,24,1,6
11,83,7,1,24,1,6
12,83,7,1,24,1,6
13,83,8,1,24,1,6
14,83,8,1,24,1,6
15,83,7,0,24,1,5
16,83,9,1,24,1,7
17,83,7,0,24,1,6
18,83,7,0,24,1,5
1,84,5,1,22,1,4
2,84,5,0,22,1,3
3,84,6,1,22,1,4
4,84,6,1,22,1,5
5,84,4,0,22,1,4
6,84,4,0,22,1,4
7,84,6,1,22,1,3
8,84,5,0,22,1,4
9,84,4,0,22,1,4
10,84,5,1,22,1,4
11,84,6,1,22,1,5
12,84,6,0,22,1,4
13,84,5,0,22,1,3
14,84,4,0,22,1,3
15,84,6,1,22,1,4
16,84,5,1,22,1,3
17,84,5,0,22,1,4
18,84,4,1,22,1,4
19,84,5,1,22,1,4
20,84,5,1,22,1,5
21,84,4,0,22,1,3
1,85,6,0,16,1,6
2,85,6,1,16,1,5
3,85,6,0,16,1,5
4,85,8,1,16,1,6
5,85,6,1,16,1,5
6,85,5,0,16,1,5
7,85,7,1,16,1,5
8,85,5,0,16,1,4
9,85,7,1,16,1,5
10,85,7,1,16,1,5
11,85,7,0,16,1,5
12,85,5,0,16,1,5
13,85,7,1,16,1,5
14,85,5,0,16,1,5
15,85,5,0,16,1,4
16,85,7,1,16,1,6
17,85,5,0,16,1,5
18,85,5,0,16,1,5
19,85,7,1,16,1,5
20,85,6,1,16,1,5
21,85,6,0,16,1,5
22,85,6,1,16,1,6
1,86,4,0,4,1,2
2,86,5,1,4,1,4
3,86,3,0,4,1,3
4,86,3,0,4,1,3
5,86,4,1,4,1,2
6,86,5,1,4,1,4
7,86,5,1,4,1,4
8,86,3,0,4,1,3
9,86,4,0,4,1,2
10,86,3,0,4,1,3
11,86,4,0,4,1,3
12,86,3,0,4,1,4
13,86,4,1,4,1,4
14,86,3,0,4,1,3
15,86,4,1,4,1,2
16,86,4,1,4,1,3
17,86,4,1,4,1,4
18,86,5,1,4,1,4
19,86,3,0,4,1,3
20,86,4,0,4,1,2
21,86,3,0,4,1,3
22,86,4,1,4,1,4
1,87,4,0,2,1,4
2,87,4,1,2,1,4
3,87,4,1,2,1,3
4,87,5,1,2,1,3
5,87,5,1,2,1,4
6,87,4,0,2,1,3
7,87,4,1,2,1,4
8,87,5,1,2,1,4
9,87,4,0,2,1,3
10,87,5,1,2,1,4
11,87,3,0,2,1,4
12,87,3,0,2,1,3
13,87,4,1,2,1,3
14,87,4,1,2,1,3
15,87,5,1,2,1,4
16,87,3,0,2,1,3
17,87,4,0,2,1,3
18,87,4,1,2,1,3
19,87,3,0,2,1,3
20,87,4,0,2,1,3
21,87,5,1,2,1,3
1,88,6,1,13,1,4
2,88,5,0,13,1,4
3,88,5,1,13,1,5
4,88,6,1,13,1,3
5,88,6,1,13,1,4
6,88,6,1,13,1,5
7,88,6,1,13,1,4
8,88,3,0,13,1,3
9,88,5,0,13,1,4
10,88,5,0,13,1,3
11,88,7,1,13,1,4
12,88,6,1,13,1,4
13,88,5,0,13,1,4
14,88,5,0,13,1,3
15,88,6,0,13,1,3
16,88,6,1,13,1,3
17,88,5,1,13,1,5
18,88,4,0,13,1,5
19,88,5,0,13,1,4
20,88,5,1,13,1,5
21,88,5,0,13,1,5
22,88,5,0,13,1,3
23,88,5,0,13,1,5
1,89,6,1,13,1,6
2,89,6,1,13,1,6
3,89,6,1,13,1,6
4,89,5,0,13,1,5
5,89,6,1,13,1,5
6,89,6,1,13,1,6
7,89,7,1,13,1,5
8,89,6,1,13,1,6
9,89,6,0,13,1,6
10,89,5,0,13,1,4
11,89,6,1,13,1,5
12,89,7,1,13,1,5
13,89,6,0,13,1,5
14,89,5,0,13,1,5
15,89,5,0,13,1,4
16,89,6,0,13,1,6
17,89,7,1,13,1,5
18,89,4,0,13,1,5
1,90,6,1,3,1,5
2,90,5,0,3,1,5
3,90,4,0,3,1,5
4,90,6,0,3,1,6
5,90,5,1,3,1,5
6,90,6,0,3,1,5
7,90,7,1,3,1,6
8,90,5,0,3,1,5
9,90,6,1,3,1,5
10,90,6,1,3,1,6
11,90,5,0,3,1,5
12,90,6,1,3,1,6
13,90,6,1,3,1,5
14,90,6,1,3,1,5
15,90,6,1,3,1,5
16,90,6,1,3,1,5
17,90,5,1,3,1,4
18,90,6,1,3,1,5
19,90,5,0,3,1,5
20,90,6,1,3,1,5
21,90,6,1,3,1,5
22,90,4,0,3,1,5
23,90,4,0,3,1,4
1,91,7,0,16,1,7
2,91,9,1,16,1,7
3,91,8,1,16,1,7
4,91,5,0,16,1,7
5,91,9,1,16,1,6
6,91,6,0,16,1,5
7,91,8,1,16,1,7
8,91,7,0,16,1,7
9,91,7,0,16,1,7
10,91,6,0,16,1,7
11,91,8,1,16,1,7
12,91,8,1,16,1,7
13,91,6,0,16,1,7
14,91,9,1,16,1,7
15,91,9,1,16,1,7
16,91,7,0,16,1,7
17,91,6,0,16,1,6
18,91,8,1,16,1,7
1,92,5,0,16,1,3
2,92,4,0,16,1,5
3,92,6,0,16,1,4
4,92,4,0,16,1,4
5,92,6,1,16,1,3
6,92,6,1,16,1,4
7,92,4,0,16,1,3
8,92,4,0,16,1,3
9,92,6,0,16,1,5
10,92,3,0,16,1,3
11,92,5,1,16,1,4
12,92,4,0,16,1,4
13,92,5,0,16,1,4
14,92,5,1,16,1,5
15,92,5,0,16,1,4
16,92,4,0,16,1,5
17,92,4,0,16,1,4
1,93,5,1,10,1,4
2,93,7,1,10,1,5
3,93,6,1,10,1,4
4,93,5,0,10,1,4
5,93,5,0,10,1,4
6,93,6,1,10,1,5
7,93,5,0,10,1,5
8,93,4,0,10,1,4
9,93,5,0,10,1,5
10,93,6,1,10,1,4
11,93,5,0,10,1,4
12,93,5,0,10,1,4
13,93,5,0,10,1,5
14,93,5,1,10,1,5
15,93,6,1,10,1,5
16,93,4,0,10,1,4
17,93,7,1,10,1,6
18,93,5,0,10,1,4
19,93,5,0,10,1,4
20,93,6,0,10,1,6
1,94,5,0,21,1,4
2,94,4,0,21,1,4
3,94,6,1,21,1,5
4,94,6,1,21,1,5
5,94,5,0,21,1,5
6,94,5,1,21,1,5
7,94,6,1,21,1,4
8,94,6,1,21,1,4
9,94,6,1,21,1,4
10,94,4,0,21,1,4
11,94,5,0,21,1,5
12,94,4,0,21,1,4
13,94,6,1,21,1,5
14,94,4,0,21,1,5
15,94,5,0,21,1,4
16,94,6,1,21,1,5
1,95,5,0,15,1,5
2,95,7,1,15,1,5
3,95,5,0,15,1,5
4,95,5,0,15,1,4
5,95,6,0,15,1,5
6,95,7,1,15,1,5
7,95,6,0,15,1,5
8,95,6,0,15,1,5
9,95,6,1,15,1,5
10,95,5,0,15,1,5
11,95,5,0,15,1,5
12,95,6,1,15,1,6
13,95,6,1,15,1,6
14,95,6,1,15,1,6
15,95,6,1,15,1,5
16,95,6,1,15,1,6
17,95,8,1,15,1,6
18,95,5,0,15,1,4
19,95,5,0,15,1,5
20,95,7,1,15,1,5
21,95,5,0,15,1,5
1,96,5,1,13,1,3
2,96,5,1,13,1,3
3,96,5,0,13,1,3
4,96,5,0,13,1,5
5,96,5,0,13,1,4
6,96,5,1,13,1,5
7,96,5,0,13,1,4
8,96,4,0,13,1,4
9,96,4,0,13,1,4
10,96,5,1,13,1,4
11,96,5,1,13,1,4
12,96,4,1,13,1,5
13,96,6,0,13,1,3
14,96,4,0,13,1,4
15,96,6,1,13,1,4
16,96,5,1,13,1,4
17,96,5,1,13,1,4
18,96,5,0,13,1,4
19,96,5,0,13,1,3
20,96,5,0,13,1,4
21,96,5,1,13,1,4
1,97,4,1,9,1,3
2,97,3,0,9,1,4
3,97,5,0,9,1,3
4,97,4,0,9,1,3
5,97,4,0,9,1,4
6,97,5,1,9,1,4
7,97,5,1,9,1,3
8,97,4,0,9,1,3
9,97,5,1,9,1,4
10,97,4,0,9,1,4
11,97,3,0,9,1,3
12,97,5,1,9,1,3
13,97,3,0,9,1,3
14,97,4,1,9,1,3
15,97,3,0,9,1,4
16,97,5,1,9,1,3
17,97,4,0,9,1,4
18,97,6,1,9,1,4
19,97,5,1,9,1,4
20,97,5,1,9,1,4
21,97,4,0,9,1,3
1,98,7,0,25,1,7
2,98,8,1,25,1,6
3,98,8,0,25,1,7
4,98,8,1,25,1,7
5,98,9,1,25,1,7
6,98,8,1,25,1,7
7,98,9,0,25,1,7
8,98,7,1,25,1,7
9,98,7,0,25,1,6
10,98,8,0,25,1,7
11,98,8,1,25,1,7
12,98,9,1,25,1,7
13,98,7,0,25,1,7
14,98,8,1,25,1,7
15,98,8,1,25,1,6
16,98,9,0,25,1,7
17,98,8,1,25,1,7
18,98,7,1,25,1,6
19,98,7,1,25,1,7
20,98,7,1,25,1,6
21,98,7,1,25,1,7
1,99,6,0,21,1,5
2,99,6,0,21,1,6
3,99,6,0,21,1,5
4,99,6,0,21,1,5
5,99,7,1,21,1,5
6,99,7,1,21,1,5
7,99,5,0,21,1,5
8,99,7,1,21,1,5
9,99,7,1,21,1,5
10,99,7,1,21,1,5
11,99,5,0,21,1,5
12,99,5,1,21,1,5
13,99,6,0,21,1,5
14,99,6,0,21,1,6
15,99,7,1,21,1,5
16,99,6,0,21,1,5
17,99,6,0,21,1,5
18,99,6,0,21,1,5
19,99,7,1,21,1,6
20,99,6,1,21,1,5
21,99,5,0,21,1,5
22,99,6,0,21,1,6
23,99,5,0,21,1,5
1,100,5,0,7,1,5
2,100,4,0,7,1,4
3,100,6,1,7,1,4
4,100,4,0,7,1,4
5,100,5,1,7,1,5
6,100,7,1,7,1,5
7,100,3,0,7,1,4
8,100,5,0,7,1,4
9,100,4,0,7,1,4
10,100,4,0,7,1,4
11,100,4,0,7,1,5
12,100,6,1,7,1,5
13,100,6,1,7,1,4
14,100,6,1,7,1,4
15,100,4,1,7,1,4
16,100,5,1,7,1,4
17,100,4,0,7,1,4
18,100,6,1,7,1,4
19,100,5,0,7,1,4
20,100,5,0,7,1,4
